Incident ID,Description,Category,Resolution Comments,Change Record
INC10000,User reported a server crash causing disruptions.,Server Crash,Cleared server logs and increased memory allocation.,
INC10001,User reported a application bug causing disruptions.,Application Bug,Granted user necessary permissions.,
INC10002,User reported a access request causing disruptions.,Access Request,Restarted the affected service and confirmed stability.,
INC10003,User reported a application bug causing disruptions.,Application Bug,Performed database index optimization.,
INC10004,User reported a access request causing disruptions.,Access Request,Restarted the affected service and confirmed stability.,
INC10005,User reported a access request causing disruptions.,Access Request,Applied latest patch to fix the issue.,
INC10006,User reported a access request causing disruptions.,Access Request,Granted user necessary permissions.,CHG2006
INC10007,User reported a access request causing disruptions.,Access Request,Performed database index optimization.,
INC10008,User reported a database failure causing disruptions.,Database Failure,Restarted the affected service and confirmed stability.,
INC10009,User reported a database failure causing disruptions.,Database Failure,Granted user necessary permissions.,
INC10010,User reported a network issue causing disruptions.,Network Issue,Applied latest patch to fix the issue.,
INC10011,User reported a database failure causing disruptions.,Database Failure,Performed database index optimization.,CHG2011
INC10012,User reported a server crash causing disruptions.,Server Crash,Granted user necessary permissions.,
INC10013,User reported a network issue causing disruptions.,Network Issue,Cleared server logs and increased memory allocation.,CHG2013
INC10014,User reported a database failure causing disruptions.,Database Failure,Granted user necessary permissions.,CHG2014
INC10015,User reported a access request causing disruptions.,Access Request,Granted user necessary permissions.,
INC10016,User reported a access request causing disruptions.,Access Request,Granted user necessary permissions.,
INC10017,User reported a access request causing disruptions.,Access Request,Restarted the affected service and confirmed stability.,
INC10018,User reported a server crash causing disruptions.,Server Crash,Performed database index optimization.,
INC10019,User reported a access request causing disruptions.,Access Request,Granted user necessary permissions.,
INC10020,User reported a database failure causing disruptions.,Database Failure,Cleared server logs and increased memory allocation.,
INC10021,User reported a database failure causing disruptions.,Database Failure,Applied latest patch to fix the issue.,CHG2021
INC10022,User reported a server crash causing disruptions.,Server Crash,Performed database index optimization.,
INC10023,User reported a database failure causing disruptions.,Database Failure,Restarted the affected service and confirmed stability.,
INC10024,User reported a access request causing disruptions.,Access Request,Cleared server logs and increased memory allocation.,
INC10025,User reported a server crash causing disruptions.,Server Crash,Restarted the affected service and confirmed stability.,
INC10026,User reported a access request causing disruptions.,Access Request,Restarted the affected service and confirmed stability.,
INC10027,User reported a access request causing disruptions.,Access Request,Cleared server logs and increased memory allocation.,
INC10028,User reported a network issue causing disruptions.,Network Issue,Cleared server logs and increased memory allocation.,
INC10029,User reported a access request causing disruptions.,Access Request,Applied latest patch to fix the issue.,CHG2029
INC10030,User reported a server crash causing disruptions.,Server Crash,Applied latest patch to fix the issue.,
INC10031,User reported a application bug causing disruptions.,Application Bug,Granted user necessary permissions.,
INC10032,User reported a network issue causing disruptions.,Network Issue,Granted user necessary permissions.,CHG2032
INC10033,User reported a database failure causing disruptions.,Database Failure,Granted user necessary permissions.,
INC10034,User reported a server crash causing disruptions.,Server Crash,Restarted the affected service and confirmed stability.,
INC10035,User reported a database failure causing disruptions.,Database Failure,Performed database index optimization.,CHG2035
INC10036,User reported a access request causing disruptions.,Access Request,Granted user necessary permissions.,
INC10037,User reported a database failure causing disruptions.,Database Failure,Cleared server logs and increased memory allocation.,
INC10038,User reported a database failure causing disruptions.,Database Failure,Granted user necessary permissions.,CHG2038
INC10039,User reported a server crash causing disruptions.,Server Crash,Restarted the affected service and confirmed stability.,
INC10040,User reported a database failure causing disruptions.,Database Failure,Performed database index optimization.,
INC10041,User reported a access request causing disruptions.,Access Request,Granted user necessary permissions.,
INC10042,User reported a application bug causing disruptions.,Application Bug,Granted user necessary permissions.,CHG2042
INC10043,User reported a network issue causing disruptions.,Network Issue,Cleared server logs and increased memory allocation.,
INC10044,User reported a application bug causing disruptions.,Application Bug,Applied latest patch to fix the issue.,
INC10045,User reported a network issue causing disruptions.,Network Issue,Applied latest patch to fix the issue.,
INC10046,User reported a server crash causing disruptions.,Server Crash,Applied latest patch to fix the issue.,
INC10047,User reported a server crash causing disruptions.,Server Crash,Restarted the affected service and confirmed stability.,CHG2047
INC10048,User reported a access request causing disruptions.,Access Request,Applied latest patch to fix the issue.,CHG2048
INC10049,User reported a database failure causing disruptions.,Database Failure,Performed database index optimization.,
INC10050,User reported a database failure causing disruptions.,Database Failure,Applied latest patch to fix the issue.,
INC10051,User reported a access request causing disruptions.,Access Request,Granted user necessary permissions.,CHG2051
INC10052,User reported a network issue causing disruptions.,Network Issue,Performed database index optimization.,
INC10053,User reported a access request causing disruptions.,Access Request,Cleared server logs and increased memory allocation.,CHG2053
INC10054,User reported a database failure causing disruptions.,Database Failure,Restarted the affected service and confirmed stability.,
INC10055,User reported a network issue causing disruptions.,Network Issue,Performed database index optimization.,
INC10056,User reported a access request causing disruptions.,Access Request,Granted user necessary permissions.,CHG2056
INC10057,User reported a access request causing disruptions.,Access Request,Performed database index optimization.,
INC10058,User reported a application bug causing disruptions.,Application Bug,Restarted the affected service and confirmed stability.,CHG2058
INC10059,User reported a access request causing disruptions.,Access Request,Restarted the affected service and confirmed stability.,CHG2059
INC10060,User reported a access request causing disruptions.,Access Request,Restarted the affected service and confirmed stability.,
INC10061,User reported a network issue causing disruptions.,Network Issue,Cleared server logs and increased memory allocation.,
INC10062,User reported a network issue causing disruptions.,Network Issue,Applied latest patch to fix the issue.,
INC10063,User reported a database failure causing disruptions.,Database Failure,Performed database index optimization.,CHG2063
INC10064,User reported a server crash causing disruptions.,Server Crash,Restarted the affected service and confirmed stability.,
INC10065,User reported a database failure causing disruptions.,Database Failure,Restarted the affected service and confirmed stability.,
INC10066,User reported a database failure causing disruptions.,Database Failure,Performed database index optimization.,
INC10067,User reported a database failure causing disruptions.,Database Failure,Restarted the affected service and confirmed stability.,
INC10068,User reported a access request causing disruptions.,Access Request,Applied latest patch to fix the issue.,
INC10069,User reported a network issue causing disruptions.,Network Issue,Cleared server logs and increased memory allocation.,
INC10070,User reported a application bug causing disruptions.,Application Bug,Performed database index optimization.,
INC10071,User reported a application bug causing disruptions.,Application Bug,Cleared server logs and increased memory allocation.,
INC10072,User reported a application bug causing disruptions.,Application Bug,Performed database index optimization.,
INC10073,User reported a server crash causing disruptions.,Server Crash,Restarted the affected service and confirmed stability.,
INC10074,User reported a network issue causing disruptions.,Network Issue,Cleared server logs and increased memory allocation.,
INC10075,User reported a server crash causing disruptions.,Server Crash,Restarted the affected service and confirmed stability.,CHG2075
INC10076,User reported a database failure causing disruptions.,Database Failure,Performed database index optimization.,
INC10077,User reported a network issue causing disruptions.,Network Issue,Granted user necessary permissions.,CHG2077
INC10078,User reported a access request causing disruptions.,Access Request,Performed database index optimization.,
INC10079,User reported a application bug causing disruptions.,Application Bug,Performed database index optimization.,
INC10080,User reported a network issue causing disruptions.,Network Issue,Performed database index optimization.,
INC10081,User reported a network issue causing disruptions.,Network Issue,Granted user necessary permissions.,
INC10082,User reported a database failure causing disruptions.,Database Failure,Granted user necessary permissions.,CHG2082
INC10083,User reported a access request causing disruptions.,Access Request,Restarted the affected service and confirmed stability.,
INC10084,User reported a application bug causing disruptions.,Application Bug,Granted user necessary permissions.,
INC10085,User reported a database failure causing disruptions.,Database Failure,Applied latest patch to fix the issue.,
INC10086,User reported a server crash causing disruptions.,Server Crash,Cleared server logs and increased memory allocation.,
INC10087,User reported a access request causing disruptions.,Access Request,Applied latest patch to fix the issue.,
INC10088,User reported a application bug causing disruptions.,Application Bug,Applied latest patch to fix the issue.,CHG2088
INC10089,User reported a application bug causing disruptions.,Application Bug,Applied latest patch to fix the issue.,
INC10090,User reported a database failure causing disruptions.,Database Failure,Cleared server logs and increased memory allocation.,CHG2090
INC10091,User reported a network issue causing disruptions.,Network Issue,Applied latest patch to fix the issue.,
INC10092,User reported a access request causing disruptions.,Access Request,Cleared server logs and increased memory allocation.,
INC10093,User reported a application bug causing disruptions.,Application Bug,Performed database index optimization.,
INC10094,User reported a application bug causing disruptions.,Application Bug,Cleared server logs and increased memory allocation.,
INC10095,User reported a server crash causing disruptions.,Server Crash,Granted user necessary permissions.,
INC10096,User reported a network issue causing disruptions.,Network Issue,Applied latest patch to fix the issue.,
INC10097,User reported a access request causing disruptions.,Access Request,Performed database index optimization.,
INC10098,User reported a application bug causing disruptions.,Application Bug,Applied latest patch to fix the issue.,
INC10099,User reported a access request causing disruptions.,Access Request,Granted user necessary permissions.,
INC10100,User reported a application bug causing disruptions.,Application Bug,Applied latest patch to fix the issue.,
INC10101,User reported a database failure causing disruptions.,Database Failure,Restarted the affected service and confirmed stability.,
INC10102,User reported a network issue causing disruptions.,Network Issue,Applied latest patch to fix the issue.,
INC10103,User reported a application bug causing disruptions.,Application Bug,Cleared server logs and increased memory allocation.,
INC10104,User reported a server crash causing disruptions.,Server Crash,Restarted the affected service and confirmed stability.,
INC10105,User reported a server crash causing disruptions.,Server Crash,Applied latest patch to fix the issue.,
INC10106,User reported a server crash causing disruptions.,Server Crash,Restarted the affected service and confirmed stability.,
INC10107,User reported a database failure causing disruptions.,Database Failure,Granted user necessary permissions.,
INC10108,User reported a application bug causing disruptions.,Application Bug,Cleared server logs and increased memory allocation.,
INC10109,User reported a database failure causing disruptions.,Database Failure,Performed database index optimization.,
INC10110,User reported a database failure causing disruptions.,Database Failure,Granted user necessary permissions.,
INC10111,User reported a network issue causing disruptions.,Network Issue,Performed database index optimization.,
INC10112,User reported a application bug causing disruptions.,Application Bug,Performed database index optimization.,CHG2112
INC10113,User reported a access request causing disruptions.,Access Request,Cleared server logs and increased memory allocation.,CHG2113
INC10114,User reported a application bug causing disruptions.,Application Bug,Restarted the affected service and confirmed stability.,
INC10115,User reported a access request causing disruptions.,Access Request,Performed database index optimization.,
INC10116,User reported a server crash causing disruptions.,Server Crash,Restarted the affected service and confirmed stability.,CHG2116
INC10117,User reported a server crash causing disruptions.,Server Crash,Performed database index optimization.,
INC10118,User reported a network issue causing disruptions.,Network Issue,Restarted the affected service and confirmed stability.,
INC10119,User reported a database failure causing disruptions.,Database Failure,Performed database index optimization.,
INC10120,User reported a server crash causing disruptions.,Server Crash,Granted user necessary permissions.,
INC10121,User reported a network issue causing disruptions.,Network Issue,Cleared server logs and increased memory allocation.,
INC10122,User reported a database failure causing disruptions.,Database Failure,Restarted the affected service and confirmed stability.,
INC10123,User reported a application bug causing disruptions.,Application Bug,Restarted the affected service and confirmed stability.,
INC10124,User reported a server crash causing disruptions.,Server Crash,Applied latest patch to fix the issue.,
INC10125,User reported a network issue causing disruptions.,Network Issue,Cleared server logs and increased memory allocation.,
INC10126,User reported a application bug causing disruptions.,Application Bug,Restarted the affected service and confirmed stability.,
INC10127,User reported a network issue causing disruptions.,Network Issue,Granted user necessary permissions.,
INC10128,User reported a server crash causing disruptions.,Server Crash,Performed database index optimization.,CHG2128
INC10129,User reported a access request causing disruptions.,Access Request,Granted user necessary permissions.,
INC10130,User reported a network issue causing disruptions.,Network Issue,Granted user necessary permissions.,CHG2130
INC10131,User reported a application bug causing disruptions.,Application Bug,Restarted the affected service and confirmed stability.,
INC10132,User reported a network issue causing disruptions.,Network Issue,Cleared server logs and increased memory allocation.,CHG2132
INC10133,User reported a access request causing disruptions.,Access Request,Cleared server logs and increased memory allocation.,
INC10134,User reported a access request causing disruptions.,Access Request,Performed database index optimization.,
INC10135,User reported a application bug causing disruptions.,Application Bug,Performed database index optimization.,CHG2135
INC10136,User reported a network issue causing disruptions.,Network Issue,Performed database index optimization.,
INC10137,User reported a server crash causing disruptions.,Server Crash,Restarted the affected service and confirmed stability.,
INC10138,User reported a network issue causing disruptions.,Network Issue,Granted user necessary permissions.,
INC10139,User reported a application bug causing disruptions.,Application Bug,Restarted the affected service and confirmed stability.,CHG2139
INC10140,User reported a network issue causing disruptions.,Network Issue,Cleared server logs and increased memory allocation.,CHG2140
INC10141,User reported a access request causing disruptions.,Access Request,Applied latest patch to fix the issue.,
INC10142,User reported a database failure causing disruptions.,Database Failure,Applied latest patch to fix the issue.,
INC10143,User reported a database failure causing disruptions.,Database Failure,Cleared server logs and increased memory allocation.,
INC10144,User reported a network issue causing disruptions.,Network Issue,Cleared server logs and increased memory allocation.,
INC10145,User reported a network issue causing disruptions.,Network Issue,Granted user necessary permissions.,
INC10146,User reported a access request causing disruptions.,Access Request,Restarted the affected service and confirmed stability.,
INC10147,User reported a network issue causing disruptions.,Network Issue,Cleared server logs and increased memory allocation.,
INC10148,User reported a database failure causing disruptions.,Database Failure,Cleared server logs and increased memory allocation.,CHG2148
INC10149,User reported a network issue causing disruptions.,Network Issue,Performed database index optimization.,
INC10150,User reported a database failure causing disruptions.,Database Failure,Applied latest patch to fix the issue.,
INC10151,User reported a database failure causing disruptions.,Database Failure,Performed database index optimization.,CHG2151
INC10152,User reported a server crash causing disruptions.,Server Crash,Applied latest patch to fix the issue.,CHG2152
INC10153,User reported a access request causing disruptions.,Access Request,Restarted the affected service and confirmed stability.,
INC10154,User reported a database failure causing disruptions.,Database Failure,Restarted the affected service and confirmed stability.,
INC10155,User reported a server crash causing disruptions.,Server Crash,Cleared server logs and increased memory allocation.,
INC10156,User reported a database failure causing disruptions.,Database Failure,Restarted the affected service and confirmed stability.,
INC10157,User reported a database failure causing disruptions.,Database Failure,Restarted the affected service and confirmed stability.,
INC10158,User reported a network issue causing disruptions.,Network Issue,Applied latest patch to fix the issue.,
INC10159,User reported a application bug causing disruptions.,Application Bug,Cleared server logs and increased memory allocation.,
INC10160,User reported a network issue causing disruptions.,Network Issue,Granted user necessary permissions.,
INC10161,User reported a network issue causing disruptions.,Network Issue,Granted user necessary permissions.,
INC10162,User reported a database failure causing disruptions.,Database Failure,Granted user necessary permissions.,
INC10163,User reported a access request causing disruptions.,Access Request,Granted user necessary permissions.,
INC10164,User reported a database failure causing disruptions.,Database Failure,Applied latest patch to fix the issue.,CHG2164
INC10165,User reported a database failure causing disruptions.,Database Failure,Granted user necessary permissions.,
INC10166,User reported a server crash causing disruptions.,Server Crash,Applied latest patch to fix the issue.,
INC10167,User reported a network issue causing disruptions.,Network Issue,Granted user necessary permissions.,
INC10168,User reported a network issue causing disruptions.,Network Issue,Granted user necessary permissions.,
INC10169,User reported a access request causing disruptions.,Access Request,Performed database index optimization.,CHG2169
INC10170,User reported a database failure causing disruptions.,Database Failure,Granted user necessary permissions.,CHG2170
INC10171,User reported a access request causing disruptions.,Access Request,Cleared server logs and increased memory allocation.,
INC10172,User reported a network issue causing disruptions.,Network Issue,Granted user necessary permissions.,
INC10173,User reported a access request causing disruptions.,Access Request,Performed database index optimization.,CHG2173
INC10174,User reported a server crash causing disruptions.,Server Crash,Restarted the affected service and confirmed stability.,
INC10175,User reported a server crash causing disruptions.,Server Crash,Performed database index optimization.,
INC10176,User reported a server crash causing disruptions.,Server Crash,Restarted the affected service and confirmed stability.,
INC10177,User reported a database failure causing disruptions.,Database Failure,Restarted the affected service and confirmed stability.,
INC10178,User reported a access request causing disruptions.,Access Request,Granted user necessary permissions.,
INC10179,User reported a application bug causing disruptions.,Application Bug,Granted user necessary permissions.,
INC10180,User reported a application bug causing disruptions.,Application Bug,Restarted the affected service and confirmed stability.,
INC10181,User reported a database failure causing disruptions.,Database Failure,Restarted the affected service and confirmed stability.,
INC10182,User reported a database failure causing disruptions.,Database Failure,Restarted the affected service and confirmed stability.,CHG2182
INC10183,User reported a server crash causing disruptions.,Server Crash,Granted user necessary permissions.,CHG2183
INC10184,User reported a application bug causing disruptions.,Application Bug,Granted user necessary permissions.,
INC10185,User reported a application bug causing disruptions.,Application Bug,Applied latest patch to fix the issue.,
INC10186,User reported a database failure causing disruptions.,Database Failure,Restarted the affected service and confirmed stability.,
INC10187,User reported a application bug causing disruptions.,Application Bug,Cleared server logs and increased memory allocation.,
INC10188,User reported a access request causing disruptions.,Access Request,Performed database index optimization.,CHG2188
INC10189,User reported a application bug causing disruptions.,Application Bug,Applied latest patch to fix the issue.,
INC10190,User reported a network issue causing disruptions.,Network Issue,Performed database index optimization.,CHG2190
INC10191,User reported a database failure causing disruptions.,Database Failure,Restarted the affected service and confirmed stability.,
INC10192,User reported a server crash causing disruptions.,Server Crash,Granted user necessary permissions.,
INC10193,User reported a access request causing disruptions.,Access Request,Performed database index optimization.,CHG2193
INC10194,User reported a database failure causing disruptions.,Database Failure,Performed database index optimization.,CHG2194
INC10195,User reported a database failure causing disruptions.,Database Failure,Granted user necessary permissions.,CHG2195
INC10196,User reported a database failure causing disruptions.,Database Failure,Performed database index optimization.,
INC10197,User reported a database failure causing disruptions.,Database Failure,Applied latest patch to fix the issue.,
INC10198,User reported a access request causing disruptions.,Access Request,Cleared server logs and increased memory allocation.,
INC10199,User reported a access request causing disruptions.,Access Request,Restarted the affected service and confirmed stability.,
INC10200,User reported a access request causing disruptions.,Access Request,Cleared server logs and increased memory allocation.,
INC10201,User reported a access request causing disruptions.,Access Request,Applied latest patch to fix the issue.,
INC10202,User reported a network issue causing disruptions.,Network Issue,Granted user necessary permissions.,
INC10203,User reported a access request causing disruptions.,Access Request,Performed database index optimization.,
INC10204,User reported a server crash causing disruptions.,Server Crash,Cleared server logs and increased memory allocation.,
INC10205,User reported a database failure causing disruptions.,Database Failure,Cleared server logs and increased memory allocation.,
INC10206,User reported a server crash causing disruptions.,Server Crash,Granted user necessary permissions.,
INC10207,User reported a database failure causing disruptions.,Database Failure,Cleared server logs and increased memory allocation.,
INC10208,User reported a database failure causing disruptions.,Database Failure,Applied latest patch to fix the issue.,CHG2208
INC10209,User reported a access request causing disruptions.,Access Request,Granted user necessary permissions.,
INC10210,User reported a server crash causing disruptions.,Server Crash,Restarted the affected service and confirmed stability.,
INC10211,User reported a access request causing disruptions.,Access Request,Performed database index optimization.,
INC10212,User reported a application bug causing disruptions.,Application Bug,Cleared server logs and increased memory allocation.,
INC10213,User reported a server crash causing disruptions.,Server Crash,Granted user necessary permissions.,
INC10214,User reported a application bug causing disruptions.,Application Bug,Restarted the affected service and confirmed stability.,
INC10215,User reported a database failure causing disruptions.,Database Failure,Performed database index optimization.,
INC10216,User reported a server crash causing disruptions.,Server Crash,Applied latest patch to fix the issue.,CHG2216
INC10217,User reported a access request causing disruptions.,Access Request,Granted user necessary permissions.,
INC10218,User reported a access request causing disruptions.,Access Request,Performed database index optimization.,
INC10219,User reported a database failure causing disruptions.,Database Failure,Restarted the affected service and confirmed stability.,
INC10220,User reported a network issue causing disruptions.,Network Issue,Performed database index optimization.,
INC10221,User reported a access request causing disruptions.,Access Request,Granted user necessary permissions.,
INC10222,User reported a network issue causing disruptions.,Network Issue,Restarted the affected service and confirmed stability.,
INC10223,User reported a access request causing disruptions.,Access Request,Granted user necessary permissions.,CHG2223
INC10224,User reported a access request causing disruptions.,Access Request,Applied latest patch to fix the issue.,
INC10225,User reported a database failure causing disruptions.,Database Failure,Granted user necessary permissions.,CHG2225
INC10226,User reported a database failure causing disruptions.,Database Failure,Restarted the affected service and confirmed stability.,CHG2226
INC10227,User reported a network issue causing disruptions.,Network Issue,Performed database index optimization.,
INC10228,User reported a database failure causing disruptions.,Database Failure,Granted user necessary permissions.,CHG2228
INC10229,User reported a server crash causing disruptions.,Server Crash,Performed database index optimization.,
INC10230,User reported a server crash causing disruptions.,Server Crash,Restarted the affected service and confirmed stability.,
INC10231,User reported a access request causing disruptions.,Access Request,Restarted the affected service and confirmed stability.,CHG2231
INC10232,User reported a server crash causing disruptions.,Server Crash,Restarted the affected service and confirmed stability.,
INC10233,User reported a access request causing disruptions.,Access Request,Performed database index optimization.,
INC10234,User reported a database failure causing disruptions.,Database Failure,Cleared server logs and increased memory allocation.,
INC10235,User reported a server crash causing disruptions.,Server Crash,Granted user necessary permissions.,CHG2235
INC10236,User reported a database failure causing disruptions.,Database Failure,Performed database index optimization.,
INC10237,User reported a server crash causing disruptions.,Server Crash,Restarted the affected service and confirmed stability.,
INC10238,User reported a database failure causing disruptions.,Database Failure,Applied latest patch to fix the issue.,
INC10239,User reported a network issue causing disruptions.,Network Issue,Granted user necessary permissions.,CHG2239
INC10240,User reported a database failure causing disruptions.,Database Failure,Granted user necessary permissions.,CHG2240
INC10241,User reported a access request causing disruptions.,Access Request,Cleared server logs and increased memory allocation.,CHG2241
INC10242,User reported a database failure causing disruptions.,Database Failure,Applied latest patch to fix the issue.,
INC10243,User reported a application bug causing disruptions.,Application Bug,Restarted the affected service and confirmed stability.,
INC10244,User reported a access request causing disruptions.,Access Request,Cleared server logs and increased memory allocation.,
INC10245,User reported a database failure causing disruptions.,Database Failure,Granted user necessary permissions.,
INC10246,User reported a application bug causing disruptions.,Application Bug,Cleared server logs and increased memory allocation.,
INC10247,User reported a database failure causing disruptions.,Database Failure,Granted user necessary permissions.,CHG2247
INC10248,User reported a database failure causing disruptions.,Database Failure,Applied latest patch to fix the issue.,
INC10249,User reported a network issue causing disruptions.,Network Issue,Granted user necessary permissions.,CHG2249
INC10250,User reported a database failure causing disruptions.,Database Failure,Granted user necessary permissions.,
INC10251,User reported a application bug causing disruptions.,Application Bug,Granted user necessary permissions.,
INC10252,User reported a server crash causing disruptions.,Server Crash,Applied latest patch to fix the issue.,
INC10253,User reported a database failure causing disruptions.,Database Failure,Performed database index optimization.,CHG2253
INC10254,User reported a database failure causing disruptions.,Database Failure,Applied latest patch to fix the issue.,
INC10255,User reported a database failure causing disruptions.,Database Failure,Granted user necessary permissions.,CHG2255
INC10256,User reported a network issue causing disruptions.,Network Issue,Restarted the affected service and confirmed stability.,CHG2256
INC10257,User reported a network issue causing disruptions.,Network Issue,Granted user necessary permissions.,
INC10258,User reported a server crash causing disruptions.,Server Crash,Cleared server logs and increased memory allocation.,CHG2258
INC10259,User reported a access request causing disruptions.,Access Request,Performed database index optimization.,
INC10260,User reported a network issue causing disruptions.,Network Issue,Restarted the affected service and confirmed stability.,
INC10261,User reported a application bug causing disruptions.,Application Bug,Granted user necessary permissions.,
INC10262,User reported a database failure causing disruptions.,Database Failure,Applied latest patch to fix the issue.,CHG2262
INC10263,User reported a database failure causing disruptions.,Database Failure,Granted user necessary permissions.,
INC10264,User reported a application bug causing disruptions.,Application Bug,Applied latest patch to fix the issue.,CHG2264
INC10265,User reported a database failure causing disruptions.,Database Failure,Granted user necessary permissions.,
INC10266,User reported a network issue causing disruptions.,Network Issue,Cleared server logs and increased memory allocation.,CHG2266
INC10267,User reported a database failure causing disruptions.,Database Failure,Performed database index optimization.,
INC10268,User reported a network issue causing disruptions.,Network Issue,Cleared server logs and increased memory allocation.,
INC10269,User reported a server crash causing disruptions.,Server Crash,Granted user necessary permissions.,
INC10270,User reported a server crash causing disruptions.,Server Crash,Granted user necessary permissions.,
INC10271,User reported a application bug causing disruptions.,Application Bug,Applied latest patch to fix the issue.,
INC10272,User reported a database failure causing disruptions.,Database Failure,Restarted the affected service and confirmed stability.,CHG2272
INC10273,User reported a access request causing disruptions.,Access Request,Granted user necessary permissions.,
INC10274,User reported a server crash causing disruptions.,Server Crash,Performed database index optimization.,
INC10275,User reported a application bug causing disruptions.,Application Bug,Restarted the affected service and confirmed stability.,
INC10276,User reported a access request causing disruptions.,Access Request,Performed database index optimization.,
INC10277,User reported a server crash causing disruptions.,Server Crash,Applied latest patch to fix the issue.,CHG2277
INC10278,User reported a server crash causing disruptions.,Server Crash,Performed database index optimization.,
INC10279,User reported a network issue causing disruptions.,Network Issue,Performed database index optimization.,CHG2279
INC10280,User reported a server crash causing disruptions.,Server Crash,Granted user necessary permissions.,
INC10281,User reported a server crash causing disruptions.,Server Crash,Cleared server logs and increased memory allocation.,CHG2281
INC10282,User reported a server crash causing disruptions.,Server Crash,Restarted the affected service and confirmed stability.,
INC10283,User reported a database failure causing disruptions.,Database Failure,Applied latest patch to fix the issue.,CHG2283
INC10284,User reported a access request causing disruptions.,Access Request,Restarted the affected service and confirmed stability.,
INC10285,User reported a database failure causing disruptions.,Database Failure,Restarted the affected service and confirmed stability.,
INC10286,User reported a access request causing disruptions.,Access Request,Applied latest patch to fix the issue.,
INC10287,User reported a access request causing disruptions.,Access Request,Performed database index optimization.,CHG2287
INC10288,User reported a network issue causing disruptions.,Network Issue,Cleared server logs and increased memory allocation.,
INC10289,User reported a database failure causing disruptions.,Database Failure,Performed database index optimization.,
INC10290,User reported a network issue causing disruptions.,Network Issue,Applied latest patch to fix the issue.,
INC10291,User reported a application bug causing disruptions.,Application Bug,Granted user necessary permissions.,
INC10292,User reported a network issue causing disruptions.,Network Issue,Applied latest patch to fix the issue.,
INC10293,User reported a database failure causing disruptions.,Database Failure,Applied latest patch to fix the issue.,
INC10294,User reported a server crash causing disruptions.,Server Crash,Performed database index optimization.,
INC10295,User reported a server crash causing disruptions.,Server Crash,Performed database index optimization.,
INC10296,User reported a application bug causing disruptions.,Application Bug,Restarted the affected service and confirmed stability.,CHG2296
INC10297,User reported a application bug causing disruptions.,Application Bug,Performed database index optimization.,
INC10298,User reported a server crash causing disruptions.,Server Crash,Performed database index optimization.,
INC10299,User reported a database failure causing disruptions.,Database Failure,Granted user necessary permissions.,CHG2299
INC10300,User reported a server crash causing disruptions.,Server Crash,Granted user necessary permissions.,CHG2300
INC10301,User reported a server crash causing disruptions.,Server Crash,Cleared server logs and increased memory allocation.,
INC10302,User reported a application bug causing disruptions.,Application Bug,Granted user necessary permissions.,
INC10303,User reported a database failure causing disruptions.,Database Failure,Performed database index optimization.,
INC10304,User reported a access request causing disruptions.,Access Request,Applied latest patch to fix the issue.,CHG2304
INC10305,User reported a database failure causing disruptions.,Database Failure,Performed database index optimization.,
INC10306,User reported a network issue causing disruptions.,Network Issue,Applied latest patch to fix the issue.,
INC10307,User reported a application bug causing disruptions.,Application Bug,Granted user necessary permissions.,
INC10308,User reported a server crash causing disruptions.,Server Crash,Cleared server logs and increased memory allocation.,CHG2308
INC10309,User reported a server crash causing disruptions.,Server Crash,Applied latest patch to fix the issue.,CHG2309
INC10310,User reported a network issue causing disruptions.,Network Issue,Granted user necessary permissions.,CHG2310
INC10311,User reported a application bug causing disruptions.,Application Bug,Restarted the affected service and confirmed stability.,
INC10312,User reported a database failure causing disruptions.,Database Failure,Performed database index optimization.,
INC10313,User reported a database failure causing disruptions.,Database Failure,Granted user necessary permissions.,
INC10314,User reported a server crash causing disruptions.,Server Crash,Applied latest patch to fix the issue.,
INC10315,User reported a database failure causing disruptions.,Database Failure,Applied latest patch to fix the issue.,
INC10316,User reported a application bug causing disruptions.,Application Bug,Granted user necessary permissions.,
INC10317,User reported a network issue causing disruptions.,Network Issue,Cleared server logs and increased memory allocation.,
INC10318,User reported a database failure causing disruptions.,Database Failure,Granted user necessary permissions.,
INC10319,User reported a database failure causing disruptions.,Database Failure,Cleared server logs and increased memory allocation.,
INC10320,User reported a application bug causing disruptions.,Application Bug,Restarted the affected service and confirmed stability.,CHG2320
INC10321,User reported a application bug causing disruptions.,Application Bug,Cleared server logs and increased memory allocation.,
INC10322,User reported a network issue causing disruptions.,Network Issue,Cleared server logs and increased memory allocation.,
INC10323,User reported a server crash causing disruptions.,Server Crash,Restarted the affected service and confirmed stability.,CHG2323
INC10324,User reported a database failure causing disruptions.,Database Failure,Performed database index optimization.,
INC10325,User reported a application bug causing disruptions.,Application Bug,Performed database index optimization.,CHG2325
INC10326,User reported a access request causing disruptions.,Access Request,Applied latest patch to fix the issue.,
INC10327,User reported a access request causing disruptions.,Access Request,Restarted the affected service and confirmed stability.,
INC10328,User reported a access request causing disruptions.,Access Request,Performed database index optimization.,
INC10329,User reported a network issue causing disruptions.,Network Issue,Performed database index optimization.,
INC10330,User reported a access request causing disruptions.,Access Request,Granted user necessary permissions.,
INC10331,User reported a access request causing disruptions.,Access Request,Restarted the affected service and confirmed stability.,
INC10332,User reported a server crash causing disruptions.,Server Crash,Cleared server logs and increased memory allocation.,
INC10333,User reported a server crash causing disruptions.,Server Crash,Performed database index optimization.,
INC10334,User reported a server crash causing disruptions.,Server Crash,Restarted the affected service and confirmed stability.,
INC10335,User reported a server crash causing disruptions.,Server Crash,Cleared server logs and increased memory allocation.,
INC10336,User reported a access request causing disruptions.,Access Request,Restarted the affected service and confirmed stability.,CHG2336
INC10337,User reported a database failure causing disruptions.,Database Failure,Cleared server logs and increased memory allocation.,
INC10338,User reported a access request causing disruptions.,Access Request,Applied latest patch to fix the issue.,
INC10339,User reported a access request causing disruptions.,Access Request,Granted user necessary permissions.,
INC10340,User reported a database failure causing disruptions.,Database Failure,Cleared server logs and increased memory allocation.,CHG2340
INC10341,User reported a database failure causing disruptions.,Database Failure,Restarted the affected service and confirmed stability.,
INC10342,User reported a access request causing disruptions.,Access Request,Performed database index optimization.,CHG2342
INC10343,User reported a server crash causing disruptions.,Server Crash,Restarted the affected service and confirmed stability.,
INC10344,User reported a access request causing disruptions.,Access Request,Granted user necessary permissions.,CHG2344
INC10345,User reported a application bug causing disruptions.,Application Bug,Cleared server logs and increased memory allocation.,
INC10346,User reported a application bug causing disruptions.,Application Bug,Cleared server logs and increased memory allocation.,
INC10347,User reported a database failure causing disruptions.,Database Failure,Performed database index optimization.,
INC10348,User reported a access request causing disruptions.,Access Request,Cleared server logs and increased memory allocation.,
INC10349,User reported a network issue causing disruptions.,Network Issue,Performed database index optimization.,
INC10350,User reported a application bug causing disruptions.,Application Bug,Performed database index optimization.,
INC10351,User reported a server crash causing disruptions.,Server Crash,Cleared server logs and increased memory allocation.,
INC10352,User reported a network issue causing disruptions.,Network Issue,Restarted the affected service and confirmed stability.,
INC10353,User reported a server crash causing disruptions.,Server Crash,Restarted the affected service and confirmed stability.,CHG2353
INC10354,User reported a access request causing disruptions.,Access Request,Restarted the affected service and confirmed stability.,
INC10355,User reported a database failure causing disruptions.,Database Failure,Performed database index optimization.,
INC10356,User reported a network issue causing disruptions.,Network Issue,Granted user necessary permissions.,
INC10357,User reported a database failure causing disruptions.,Database Failure,Granted user necessary permissions.,
INC10358,User reported a server crash causing disruptions.,Server Crash,Applied latest patch to fix the issue.,
INC10359,User reported a network issue causing disruptions.,Network Issue,Performed database index optimization.,
INC10360,User reported a database failure causing disruptions.,Database Failure,Cleared server logs and increased memory allocation.,
INC10361,User reported a application bug causing disruptions.,Application Bug,Granted user necessary permissions.,
INC10362,User reported a access request causing disruptions.,Access Request,Restarted the affected service and confirmed stability.,CHG2362
INC10363,User reported a access request causing disruptions.,Access Request,Granted user necessary permissions.,
INC10364,User reported a network issue causing disruptions.,Network Issue,Applied latest patch to fix the issue.,CHG2364
INC10365,User reported a access request causing disruptions.,Access Request,Restarted the affected service and confirmed stability.,CHG2365
INC10366,User reported a server crash causing disruptions.,Server Crash,Restarted the affected service and confirmed stability.,CHG2366
INC10367,User reported a application bug causing disruptions.,Application Bug,Performed database index optimization.,
INC10368,User reported a database failure causing disruptions.,Database Failure,Cleared server logs and increased memory allocation.,CHG2368
INC10369,User reported a server crash causing disruptions.,Server Crash,Applied latest patch to fix the issue.,CHG2369
INC10370,User reported a access request causing disruptions.,Access Request,Applied latest patch to fix the issue.,CHG2370
INC10371,User reported a network issue causing disruptions.,Network Issue,Cleared server logs and increased memory allocation.,
INC10372,User reported a access request causing disruptions.,Access Request,Restarted the affected service and confirmed stability.,CHG2372
INC10373,User reported a application bug causing disruptions.,Application Bug,Applied latest patch to fix the issue.,CHG2373
INC10374,User reported a server crash causing disruptions.,Server Crash,Restarted the affected service and confirmed stability.,
INC10375,User reported a network issue causing disruptions.,Network Issue,Applied latest patch to fix the issue.,
INC10376,User reported a network issue causing disruptions.,Network Issue,Performed database index optimization.,
INC10377,User reported a application bug causing disruptions.,Application Bug,Performed database index optimization.,CHG2377
INC10378,User reported a server crash causing disruptions.,Server Crash,Performed database index optimization.,
INC10379,User reported a application bug causing disruptions.,Application Bug,Applied latest patch to fix the issue.,
INC10380,User reported a server crash causing disruptions.,Server Crash,Performed database index optimization.,
INC10381,User reported a database failure causing disruptions.,Database Failure,Restarted the affected service and confirmed stability.,
INC10382,User reported a application bug causing disruptions.,Application Bug,Granted user necessary permissions.,CHG2382
INC10383,User reported a server crash causing disruptions.,Server Crash,Cleared server logs and increased memory allocation.,
INC10384,User reported a server crash causing disruptions.,Server Crash,Performed database index optimization.,
INC10385,User reported a server crash causing disruptions.,Server Crash,Applied latest patch to fix the issue.,
INC10386,User reported a server crash causing disruptions.,Server Crash,Cleared server logs and increased memory allocation.,CHG2386
INC10387,User reported a database failure causing disruptions.,Database Failure,Cleared server logs and increased memory allocation.,
INC10388,User reported a server crash causing disruptions.,Server Crash,Restarted the affected service and confirmed stability.,
INC10389,User reported a server crash causing disruptions.,Server Crash,Applied latest patch to fix the issue.,
INC10390,User reported a access request causing disruptions.,Access Request,Restarted the affected service and confirmed stability.,
INC10391,User reported a server crash causing disruptions.,Server Crash,Restarted the affected service and confirmed stability.,
INC10392,User reported a application bug causing disruptions.,Application Bug,Restarted the affected service and confirmed stability.,
INC10393,User reported a network issue causing disruptions.,Network Issue,Restarted the affected service and confirmed stability.,
INC10394,User reported a server crash causing disruptions.,Server Crash,Performed database index optimization.,
INC10395,User reported a database failure causing disruptions.,Database Failure,Applied latest patch to fix the issue.,CHG2395
INC10396,User reported a access request causing disruptions.,Access Request,Performed database index optimization.,
INC10397,User reported a database failure causing disruptions.,Database Failure,Restarted the affected service and confirmed stability.,CHG2397
INC10398,User reported a access request causing disruptions.,Access Request,Cleared server logs and increased memory allocation.,
INC10399,User reported a application bug causing disruptions.,Application Bug,Granted user necessary permissions.,
INC10400,User reported a database failure causing disruptions.,Database Failure,Applied latest patch to fix the issue.,
INC10401,User reported a network issue causing disruptions.,Network Issue,Cleared server logs and increased memory allocation.,CHG2401
INC10402,User reported a server crash causing disruptions.,Server Crash,Granted user necessary permissions.,
INC10403,User reported a database failure causing disruptions.,Database Failure,Performed database index optimization.,
INC10404,User reported a database failure causing disruptions.,Database Failure,Restarted the affected service and confirmed stability.,
INC10405,User reported a application bug causing disruptions.,Application Bug,Performed database index optimization.,CHG2405
INC10406,User reported a network issue causing disruptions.,Network Issue,Applied latest patch to fix the issue.,
INC10407,User reported a network issue causing disruptions.,Network Issue,Restarted the affected service and confirmed stability.,
INC10408,User reported a server crash causing disruptions.,Server Crash,Restarted the affected service and confirmed stability.,CHG2408
INC10409,User reported a database failure causing disruptions.,Database Failure,Granted user necessary permissions.,CHG2409
INC10410,User reported a network issue causing disruptions.,Network Issue,Applied latest patch to fix the issue.,
INC10411,User reported a database failure causing disruptions.,Database Failure,Performed database index optimization.,
INC10412,User reported a access request causing disruptions.,Access Request,Performed database index optimization.,
INC10413,User reported a application bug causing disruptions.,Application Bug,Performed database index optimization.,
INC10414,User reported a database failure causing disruptions.,Database Failure,Restarted the affected service and confirmed stability.,
INC10415,User reported a server crash causing disruptions.,Server Crash,Cleared server logs and increased memory allocation.,CHG2415
INC10416,User reported a database failure causing disruptions.,Database Failure,Restarted the affected service and confirmed stability.,CHG2416
INC10417,User reported a database failure causing disruptions.,Database Failure,Applied latest patch to fix the issue.,CHG2417
INC10418,User reported a access request causing disruptions.,Access Request,Restarted the affected service and confirmed stability.,
INC10419,User reported a access request causing disruptions.,Access Request,Cleared server logs and increased memory allocation.,
INC10420,User reported a application bug causing disruptions.,Application Bug,Applied latest patch to fix the issue.,CHG2420
INC10421,User reported a database failure causing disruptions.,Database Failure,Restarted the affected service and confirmed stability.,CHG2421
INC10422,User reported a database failure causing disruptions.,Database Failure,Performed database index optimization.,
INC10423,User reported a application bug causing disruptions.,Application Bug,Cleared server logs and increased memory allocation.,CHG2423
INC10424,User reported a access request causing disruptions.,Access Request,Performed database index optimization.,CHG2424
INC10425,User reported a server crash causing disruptions.,Server Crash,Restarted the affected service and confirmed stability.,
INC10426,User reported a access request causing disruptions.,Access Request,Performed database index optimization.,
INC10427,User reported a network issue causing disruptions.,Network Issue,Applied latest patch to fix the issue.,
INC10428,User reported a access request causing disruptions.,Access Request,Cleared server logs and increased memory allocation.,CHG2428
INC10429,User reported a network issue causing disruptions.,Network Issue,Applied latest patch to fix the issue.,CHG2429
INC10430,User reported a application bug causing disruptions.,Application Bug,Restarted the affected service and confirmed stability.,
INC10431,User reported a database failure causing disruptions.,Database Failure,Performed database index optimization.,CHG2431
INC10432,User reported a server crash causing disruptions.,Server Crash,Performed database index optimization.,
INC10433,User reported a database failure causing disruptions.,Database Failure,Performed database index optimization.,
INC10434,User reported a access request causing disruptions.,Access Request,Granted user necessary permissions.,CHG2434
INC10435,User reported a server crash causing disruptions.,Server Crash,Performed database index optimization.,CHG2435
INC10436,User reported a access request causing disruptions.,Access Request,Cleared server logs and increased memory allocation.,
INC10437,User reported a application bug causing disruptions.,Application Bug,Applied latest patch to fix the issue.,
INC10438,User reported a server crash causing disruptions.,Server Crash,Granted user necessary permissions.,CHG2438
INC10439,User reported a network issue causing disruptions.,Network Issue,Performed database index optimization.,
INC10440,User reported a access request causing disruptions.,Access Request,Granted user necessary permissions.,CHG2440
INC10441,User reported a application bug causing disruptions.,Application Bug,Granted user necessary permissions.,
INC10442,User reported a server crash causing disruptions.,Server Crash,Cleared server logs and increased memory allocation.,
INC10443,User reported a application bug causing disruptions.,Application Bug,Performed database index optimization.,
INC10444,User reported a application bug causing disruptions.,Application Bug,Performed database index optimization.,
INC10445,User reported a network issue causing disruptions.,Network Issue,Granted user necessary permissions.,CHG2445
INC10446,User reported a application bug causing disruptions.,Application Bug,Applied latest patch to fix the issue.,
INC10447,User reported a network issue causing disruptions.,Network Issue,Granted user necessary permissions.,
INC10448,User reported a network issue causing disruptions.,Network Issue,Granted user necessary permissions.,
INC10449,User reported a network issue causing disruptions.,Network Issue,Applied latest patch to fix the issue.,
INC10450,User reported a network issue causing disruptions.,Network Issue,Applied latest patch to fix the issue.,
INC10451,User reported a access request causing disruptions.,Access Request,Cleared server logs and increased memory allocation.,
INC10452,User reported a access request causing disruptions.,Access Request,Granted user necessary permissions.,
INC10453,User reported a server crash causing disruptions.,Server Crash,Applied latest patch to fix the issue.,
INC10454,User reported a database failure causing disruptions.,Database Failure,Performed database index optimization.,
INC10455,User reported a network issue causing disruptions.,Network Issue,Granted user necessary permissions.,
INC10456,User reported a database failure causing disruptions.,Database Failure,Granted user necessary permissions.,
INC10457,User reported a database failure causing disruptions.,Database Failure,Restarted the affected service and confirmed stability.,
INC10458,User reported a application bug causing disruptions.,Application Bug,Cleared server logs and increased memory allocation.,
INC10459,User reported a server crash causing disruptions.,Server Crash,Applied latest patch to fix the issue.,
INC10460,User reported a database failure causing disruptions.,Database Failure,Applied latest patch to fix the issue.,CHG2460
INC10461,User reported a network issue causing disruptions.,Network Issue,Applied latest patch to fix the issue.,
INC10462,User reported a access request causing disruptions.,Access Request,Applied latest patch to fix the issue.,CHG2462
INC10463,User reported a server crash causing disruptions.,Server Crash,Cleared server logs and increased memory allocation.,CHG2463
INC10464,User reported a network issue causing disruptions.,Network Issue,Restarted the affected service and confirmed stability.,
INC10465,User reported a database failure causing disruptions.,Database Failure,Applied latest patch to fix the issue.,
INC10466,User reported a network issue causing disruptions.,Network Issue,Performed database index optimization.,
INC10467,User reported a server crash causing disruptions.,Server Crash,Performed database index optimization.,
INC10468,User reported a access request causing disruptions.,Access Request,Performed database index optimization.,
INC10469,User reported a server crash causing disruptions.,Server Crash,Performed database index optimization.,
INC10470,User reported a database failure causing disruptions.,Database Failure,Restarted the affected service and confirmed stability.,CHG2470
INC10471,User reported a database failure causing disruptions.,Database Failure,Granted user necessary permissions.,CHG2471
INC10472,User reported a application bug causing disruptions.,Application Bug,Restarted the affected service and confirmed stability.,CHG2472
INC10473,User reported a database failure causing disruptions.,Database Failure,Restarted the affected service and confirmed stability.,CHG2473
INC10474,User reported a database failure causing disruptions.,Database Failure,Cleared server logs and increased memory allocation.,CHG2474
INC10475,User reported a network issue causing disruptions.,Network Issue,Performed database index optimization.,
INC10476,User reported a network issue causing disruptions.,Network Issue,Restarted the affected service and confirmed stability.,
INC10477,User reported a access request causing disruptions.,Access Request,Granted user necessary permissions.,
INC10478,User reported a application bug causing disruptions.,Application Bug,Granted user necessary permissions.,
INC10479,User reported a server crash causing disruptions.,Server Crash,Cleared server logs and increased memory allocation.,
INC10480,User reported a database failure causing disruptions.,Database Failure,Applied latest patch to fix the issue.,
INC10481,User reported a network issue causing disruptions.,Network Issue,Performed database index optimization.,CHG2481
INC10482,User reported a application bug causing disruptions.,Application Bug,Restarted the affected service and confirmed stability.,
INC10483,User reported a server crash causing disruptions.,Server Crash,Performed database index optimization.,
INC10484,User reported a network issue causing disruptions.,Network Issue,Applied latest patch to fix the issue.,
INC10485,User reported a access request causing disruptions.,Access Request,Cleared server logs and increased memory allocation.,
INC10486,User reported a network issue causing disruptions.,Network Issue,Cleared server logs and increased memory allocation.,
INC10487,User reported a application bug causing disruptions.,Application Bug,Cleared server logs and increased memory allocation.,
INC10488,User reported a server crash causing disruptions.,Server Crash,Restarted the affected service and confirmed stability.,
INC10489,User reported a network issue causing disruptions.,Network Issue,Restarted the affected service and confirmed stability.,
INC10490,User reported a network issue causing disruptions.,Network Issue,Performed database index optimization.,CHG2490
INC10491,User reported a network issue causing disruptions.,Network Issue,Cleared server logs and increased memory allocation.,CHG2491
INC10492,User reported a server crash causing disruptions.,Server Crash,Granted user necessary permissions.,CHG2492
INC10493,User reported a application bug causing disruptions.,Application Bug,Cleared server logs and increased memory allocation.,CHG2493
INC10494,User reported a access request causing disruptions.,Access Request,Granted user necessary permissions.,
INC10495,User reported a server crash causing disruptions.,Server Crash,Performed database index optimization.,CHG2495
INC10496,User reported a network issue causing disruptions.,Network Issue,Applied latest patch to fix the issue.,CHG2496
INC10497,User reported a access request causing disruptions.,Access Request,Restarted the affected service and confirmed stability.,
INC10498,User reported a database failure causing disruptions.,Database Failure,Restarted the affected service and confirmed stability.,
INC10499,User reported a application bug causing disruptions.,Application Bug,Performed database index optimization.,
